{
  "totalRuns": 26,
  "successfulRuns": 17,
  "filesProcessed": 238,
  "errorsEncountered": 45,
  "averageBatchSize": 9.538461538461537,
  "maxSafeBatchSize": 15,
  "lastRunTime": "2025-06-30T10:21:41.338Z",
  "safetyScore": 0.6438726790450928
}