{
  "totalRuns": 15,
  "successfulRuns": 6,
  "filesProcessed": 159,
  "errorsEncountered": 45,
  "averageBatchSize": 11.266666666666667,
  "maxSafeBatchSize": 15,
  "lastRunTime": "2025-06-30T04:27:52.549Z",
  "safetyScore": 0.6438726790450928
}