{
  "totalRuns": 24,
  "successfulRuns": 15,
  "filesProcessed": 208,
  "errorsEncountered": 45,
  "averageBatchSize": 9.08333333333333,
  "maxSafeBatchSize": 15,
  "lastRunTime": "2025-06-30T10:20:29.250Z",
  "safetyScore": 0.6438726790450928
}