{
  "totalRuns": 21,
  "successfulRuns": 12,
  "filesProcessed": 173,
  "errorsEncountered": 45,
  "averageBatchSize": 8.714285714285714,
  "maxSafeBatchSize": 15,
  "lastRunTime": "2025-06-30T10:17:03.557Z",
  "safetyScore": 0.6438726790450928
}