{
  "totalRuns": 17,
  "successfulRuns": 8,
  "filesProcessed": 164,
  "errorsEncountered": 45,
  "averageBatchSize": 10.235294117647058,
  "maxSafeBatchSize": 15,
  "lastRunTime": "2025-06-30T09:56:13.906Z",
  "safetyScore": 0.6438726790450928
}