{
  "totalRuns": 14,
  "successfulRuns": 6,
  "filesProcessed": 152,
  "errorsEncountered": 43,
  "averageBatchSize": 11.571428571428571,
  "maxSafeBatchSize": 15,
  "lastRunTime": "2025-06-30T02:00:35.084Z",
  "safetyScore": 0.6438726790450928
}