{
  "totalRuns": 6,
  "successfulRuns": 4,
  "filesProcessed": 65,
  "errorsEncountered": 6,
  "averageBatchSize": 10.833333333333334,
  "maxSafeBatchSize": 15,
  "lastRunTime": "2025-06-30T00:31:00.570Z",
  "safetyScore": 0.7836363636363636
}