{
  "totalRuns": 22,
  "successfulRuns": 13,
  "filesProcessed": 181,
  "errorsEncountered": 45,
  "averageBatchSize": 8.68181818181818,
  "maxSafeBatchSize": 15,
  "lastRunTime": "2025-06-30T10:19:04.966Z",
  "safetyScore": 0.6438726790450928
}